names,a
bending 1,-0.299399302430207
torsion 1,-0.0637761509578557
sbending 1,0.00050530371557977
bending 2,0.00150672296044984
torsion 2,-0.00889617873323676
bending 3,0.00239938740033624
sbending 2,0.000491209578427841
torsion 3,-0.000689743610344384
bending 4,0.000181796398091058
sbending 3,-0.000190427045883027
torsion 4,0.00121708639012387
