names,a
bending 1,-0.466605150701317
torsion 1,-0.626952416159878
sbending 1,0.0608148255043895
bending 2,0.0475320499281828
torsion 2,-0.046429358687997
bending 3,-0.00750192940867066
sbending 2,-0.0051169734516913
torsion 3,-0.0014349679768663
bending 4,0.000898249699161566
sbending 3,-0.0017005770690289
torsion 4,0.00269696514184232
