names,a
bending 1,-0.662754838887421
torsion 1,-0.226458854527241
sbending 1,0.0915379050427686
bending 2,0.0532681236856321
torsion 2,0.00283110598147131
bending 3,-0.0048854485592537
sbending 2,-0.0182472703872796
torsion 3,0.000145007044084465
bending 4,-0.000654510199154855
sbending 3,0.000907451866737337
torsion 4,-0.000378330714188811
