names,a
bending 1,-0.251509262136694
torsion 1,0.0274079253855257
sbending 1,-0.0124669932378523
bending 2,-0.00621575621264298
torsion 2,0.00751372496876473
bending 3,0.00315392782772458
sbending 2,0.0015670271212871
torsion 3,-0.00324881173866955
bending 4,-0.000976673601105844
sbending 3,0.000536616841763554
torsion 4,0.000484596153431599
