names,a
bending 1,-0.0656228850989324
torsion 1,0.0673448356775529
sbending 1,0.00183015091194866
bending 2,-0.0109185833271397
torsion 2,0.0124008111729499
bending 3,0.00164549385622401
sbending 2,-0.000175380954875133
torsion 3,-0.0027950955805246
bending 4,-0.001347941680794
sbending 3,5.06783412314677e-05
torsion 4,0.000268186016797768
