names,a
bending 1,-0.275038780689148
torsion 1,-0.037585764184806
sbending 1,0.00721258335390525
bending 2,0.0150096153831153
torsion 2,-0.0024551990364387
bending 3,-0.00273467849914818
sbending 2,-0.000577380809916595
torsion 3,-0.000838253944743707
bending 4,0.0010746856711743
sbending 3,0.000222827685985738
torsion 4,-0.000492983954527227
