names,a
bending 1,-0.0542297813137281
torsion 1,-0.10081622296852
sbending 1,0.000158255691505785
bending 2,-0.00375547210343377
torsion 2,-0.0169390418782183
bending 3,0.001461952174125
sbending 2,0.000641622544082063
torsion 3,0.00281816053009382
bending 4,0.000496720566438378
sbending 3,-0.000129556053828679
torsion 4,0.00164858170997285
