names,a
bending 1,-100.757586765579
torsion 1,-1.49327252575105
sbending 1,9.06151553158281
bending 2,5.70482989606746
torsion 2,0.103941981705868
bending 3,-0.176068684624825
sbending 2,-1.77196790506004
torsion 3,0.00706965736895124
bending 4,0.0568549150252534
sbending 3,0.0864209067063215
torsion 4,-0.0214429941470708
