names,a
bending 1,-0.253881063602118
torsion 1,-0.214170128884322
sbending 1,0.000336556517791162
bending 2,0.0225614190562858
torsion 2,0.00157884607693143
bending 3,-0.00294673304550544
sbending 2,-0.000299535256267369
torsion 3,-7.80507847042573e-05
bending 4,6.01205655598159e-05
sbending 3,0.000339689530997603
torsion 4,2.994732552034e-05
