names,a
bending 1,-0.0656227309000794
torsion 1,0.0673448842578899
sbending 1,0.0018301616479818
bending 2,-0.0109185973749317
torsion 2,0.0124008087517282
bending 3,0.00164549595400769
sbending 2,-0.000175384349552189
torsion 3,-0.00279509737569534
bending 4,-0.00134794211070112
sbending 3,5.06790115768713e-05
torsion 4,0.000268185696938399
