names,a
bending 1,-0.314008634135919
torsion 1,-0.097357831254973
sbending 1,0.00887785847423372
bending 2,-0.0133010650433337
torsion 2,-0.0172408384243425
bending 3,0.002666184685636
sbending 2,0.000781440199856137
torsion 3,0.0033101900610407
bending 4,-0.00061592030671277
sbending 3,-0.000200321029835207
torsion 4,0.00165287457705493
