names,a
bending 1,-0.193136519253649
torsion 1,-0.0420473852084464
sbending 1,0.0289768837260684
bending 2,0.00495465797039389
torsion 2,-0.00506311807536479
bending 3,0.00176003146405558
sbending 2,-0.002978297093551
torsion 3,-0.000530477861689951
bending 4,0.000277712612575064
sbending 3,-0.000850103580965458
torsion 4,0.00011164379495757
