names,a
bending 1,-0.312147052418745
torsion 1,-0.113948820915523
sbending 1,0.00148283373976283
bending 2,0.0177529481802415
torsion 2,-0.00305962008115727
bending 3,-0.0027852565381751
sbending 2,-0.000455025201254937
torsion 3,-0.00197526594045073
bending 4,-0.000368372280601664
sbending 3,7.04005711718957e-05
torsion 4,-0.00203753611898884
