names,a
bending 1,-0.534102581870972
torsion 1,-0.226596326802399
sbending 1,0.0752181990539987
bending 2,0.0252340349228707
torsion 2,0.00230050733485762
bending 3,0.00145883021277129
sbending 2,-0.00722641803653364
torsion 3,0.000266116499806716
bending 4,-0.000880933806933954
sbending 3,-0.00226331850218209
torsion 4,0.000135220616388106
