names,a
bending 1,-0.151592005777447
torsion 1,-0.0323109567465258
sbending 1,-0.0116068861474355
bending 2,0.0069003806788183
torsion 2,-0.00294272979003555
bending 3,-0.000248312912017944
sbending 2,0.00174287805253091
torsion 3,-0.000132403738659493
bending 4,-4.14354089513445e-05
sbending 3,0.000132959488125309
torsion 4,1.04159726210866e-07
